objectid,title,filename,format,author,isbn,date,longitude,latitude,location,subject,steam_theme,grade_level,summary,activity_connection,learning_objective,activity_duration
1,The Dot,reynolds_thedot_2003.jpg,image,"Reynolds, Peter H.",9780763619619,2003,-93.6000,41.5900,"Des Moines, IA",art,Creativity; Growth mindset,K; 1; 2,A young girl discovers that making a simple mark can lead to creative confidence.,Students create dot artwork and expand designs.,Students will explore creative expression.,20–30 minutes
2,"Rosie Revere, Engineer",beaty_rosierevere_2013.jpg,image,"Beaty, Andrea",9781419708459,2013,-93.6000,41.5900,"Des Moines, IA",engineering,Problem-solving; Perseverance,1; 2; 3; 4,A girl learns failure is part of engineering.,Students build and test inventions.,Students will apply engineering design process.,30–45 minutes
3,Team Moon,thimmesh_teammoon_2006.jpg,image,"Thimmesh, Catherine",9780618507573,2006,-93.6000,41.5900,"Des Moines, IA",science; technology,Collaboration; Innovation,3; 4,Story of teamwork behind moon landing.,Students complete team design challenge.,Students will collaborate to solve problems.,30–45 minutes
4,The Most Magnificent Thing,spires_mostmagnificent_2014.jpg,image,"Spires, Ashley",9781554537044,2014,-93.6000,41.5900,"Des Moines, IA",engineering,Perseverance; Problem-solving,K; 1; 2,A girl learns persistence while creating an invention.,Students design and improve a simple creation.,Students will practice persistence in design.,30–45 minutes
5,The Magical Yet,diamond_magicalyet_2013.jpg,image,"Diamond, Angela",9781368025621,2013,-93.6000,41.5900,"Des Moines, IA",science,Growth mindset,K; 1; 2; 3,Encourages students to embrace challenges and keep trying.,Students complete a challenge emphasizing growth.,Students will develop a growth mindset.,20–30 minutes
6,Balloons Over Broadway,sweet_balloons_2011.jpg,image,"Sweet, Melissa",9780547199450,2011,-93.6000,41.5900,"Des Moines, IA",engineering; art,Creativity; Innovation,1; 2; 3,Story of Macy’s Parade balloon creator.,Students design balloon prototypes.,Students will explore design and creativity.,30–45 minutes
7,"Ada Twist, Scientist",beaty_adatwist_2016.jpg,image,"Beaty, Andrea",9781419721373,2016,-93.6000,41.5900,"Des Moines, IA",science,Curiosity; Inquiry,K; 1; 2,A curious girl explores scientific questions.,Students conduct simple experiments.,Students will ask and investigate questions.,20–30 minutes
8,"Iggy Peck, Architect",beaty_iggypeck_2007.jpg,image,"Beaty, Andrea",9780810911062,2007,-93.6000,41.5900,"Des Moines, IA",engineering,Design thinking,1; 2; 3,A boy loves building structures.,Students build structures with materials.,Students will explore structural design.,30–45 minutes
9,"Sofia Valdez, Future Prez",beaty_sofia_2019.jpg,image,"Beaty, Andrea",9781419737046,2019,-93.6000,41.5900,"Des Moines, IA",technology,Leadership; Problem-solving,1; 2; 3,A girl works to improve her community.,Students design community solutions.,Students will develop problem-solving skills.,30–45 minutes
10,National Geographic Kids: Robots,ng_robots.jpg,image,National Geographic Kids,9781426323317,2016,-93.6000,41.5900,"Des Moines, IA",technology,Innovation,2; 3; 4,Introduces robots and technology.,Students design simple robot models.,Students will understand basic robotics concepts.,30–45 minutes
11,National Geographic Kids: Space Encyclopedia,ng_space.jpg,image,National Geographic Kids,9781426309489,2012,-93.6000,41.5900,"Des Moines, IA",science,Exploration,3; 4,Explores space and planets.,Students create space models.,Students will learn about space systems.,30–45 minutes
12,What Do You Do With an Idea?,yamada_idea_2014.jpg,image,"Yamada, Kobi",9781938298073,2014,-93.6000,41.5900,"Des Moines, IA",art,Creativity; Innovation,K; 1; 2,Encourages nurturing ideas.,Students brainstorm and create inventions.,Students will explore creative thinking.,20–30 minutes
13,Not a Box,portis_notabox_2006.jpg,image,"Portis, Antoinette",9780061123221,2006,-93.6000,41.5900,"Des Moines, IA",engineering,Imagination,K; 1,A rabbit imagines many uses for a box.,Students build with boxes.,Students will use imagination in design.,20–30 minutes
14,Dreaming Up,berkowitz_dreamingup_2012.jpg,image,"Berkowitz, Christy Hale",9781620914649,2012,-93.6000,41.5900,"Des Moines, IA",engineering; art,Design thinking,1; 2; 3,Connects block play to architecture.,Students recreate structures.,Students will explore design connections.,30–45 minutes
15,The Boy Who Harnessed the Wind,kamkwamba_wind_2012.jpg,image,"Kamkwamba, William",9780803735118,2012,-93.6000,41.5900,"Des Moines, IA",engineering; science,Innovation; Problem-solving,3; 4,A boy builds a windmill to help his village.,Students build simple wind models.,Students will apply engineering concepts.,45–60 minutes
16,How to Code a Sandcastle,dykman_code_2018.jpg,image,"Dykman, Josh Funk",9780425291986,2018,-93.6000,41.5900,"Des Moines, IA",technology,Problem-solving,2; 3,Introduces coding concepts.,Students create step-by-step instructions.,Students will learn sequencing.,30–45 minutes
17,If I Built a Car,van_dusen_car_2005.jpg,image,"Van Dusen, Chris",9780142408254,2005,-93.6000,41.5900,"Des Moines, IA",engineering,Creativity,1; 2; 3,A boy imagines a futuristic car.,Students design their own vehicles.,Students will apply creative design.,30–45 minutes
18,What Do You Do With a Problem?,yamada_problem_2016.jpg,image,"Yamada, Kobi",9781943200009,2016,-93.6000,41.5900,"Des Moines, IA",science,Problem-solving,K; 1; 2,Encourages facing challenges.,Students solve simple problems.,Students will develop resilience.,20–30 minutes
19,Rosie Revere’s Big Project Book,beaty_project_2017.jpg,image,"Beaty, Andrea",9781419719103,2017,-93.6000,41.5900,"Des Moines, IA",engineering,Design thinking,2; 3; 4,Hands-on engineering projects.,Students complete guided builds.,Students will follow design steps.,45–60 minutes
20,National Geographic Kids: Weird But True Science,ng_weirdscience.jpg,image,National Geographic Kids,9781426308642,2012,-93.6000,41.5900,"Des Moines, IA",science,Curiosity,2; 3; 4,Fun science facts.,Students explore experiments.,Students will engage curiosity.,20–30 minutes
21,The Girl Who Never Made Mistakes,pett_boyd_2011.jpg,image,"Pett, Mark",9781402255441,2011,-93.6000,41.5900,"Des Moines, IA",engineering,Growth mindset,K; 1; 2,A girl learns mistakes are okay.,Students reflect on mistakes.,Students will build resilience.,20–30 minutes
23,Building Zaha,tentler_zaha_2020.jpg,image,"Tentler-Krylov, Victoria",9781338282832,2020,-93.6000,41.5900,"Des Moines, IA",engineering; art,Innovation,2; 3; 4,Story of architect Zaha Hadid.,Students design buildings.,Students will explore architecture.,30–45 minutes